,af,mm,rain,sun,tmax,tmin,yyyy
0,6,1,122.1,---,6.3,1.7,1883
1,2,2,69.8,---,8.0,2.8,1883
2,23,3,29.6,---,4.8,-1.6,1883
3,2,4,74.0,---,12.2,3.8,1883
4,0,5,31.2,---,14.7,6.2,1883
5,0,6,66.2,---,17.7,9.3,1883
6,0,7,77.6,---,18.8,10.5,1883
7,0,8,32.5,---,19.8,10.9,1883
8,0,9,137.4,---,16.8,10.0,1883
9,0,10,102.9,---,12.7,6.4,1883
10,1,11,83.6,---,8.6,3.5,1883
11,4,12,48.6,---,7.3,2.4,1883
12,3,1,127.7,---,8.4,3.5,1884
13,3,2,49.4,---,8.0,2.1,1884
14,4,3,50.4,---,9.5,2.5,1884
15,4,4,48.0,---,10.6,3.3,1884
16,0,5,33.1,---,15.7,6.4,1884
17,0,6,39.7,---,18.2,8.7,1884
18,0,7,80.1,---,20.8,11.8,1884
19,0,8,36.8,---,22.6,11.8,1884
20,0,9,34.0,---,18.4,10.5,1884
21,0,10,36.5,---,12.3,6.3,1884
22,4,11,30.9,---,9.0,3.4,1884
23,7,12,81.6,---,6.6,1.7,1884
24,15,1,56.9,---,4.7,0.4,1885
25,5,2,76.4,---,8.5,2.4,1885
26,10,3,41.6,---,7.8,0.8,1885
27,3,4,49.5,---,11.6,3.4,1885
28,0,5,58.1,---,12.9,4.4,1885
29,0,6,76.4,---,18.6,9.2,1885
30,0,7,17.8,---,21.0,11.4,1885
31,0,8,59.5,---,17.1,9.4,1885
32,0,9,85.3,---,16.4,7.8,1885
33,0,10,172.5,---,10.5,4.5,1885
34,4,11,62.2,---,8.0,3.3,1885
35,11,12,31.9,---,7.0,0.9,1885
36,20,1,121.8,---,4.5,-0.7,1886
37,20,2,14.2,---,3.9,-1.0,1886
38,18,3,84.8,---,6.1,0.2,1886
39,2,4,47.5,---,10.9,2.8,1886
40,0,5,181.0,---,13.9,5.7,1886
41,0,6,26.5,---,17.3,8.5,1886
42,0,7,94.2,---,20.8,11.5,1886
43,0,8,49.7,---,20.8,11.7,1886
44,0,9,30.8,---,17.7,9.8,1886
45,0,10,125.1,---,13.8,8.1,1886
46,0,11,37.0,---,9.7,3.8,1886
47,12,12,127.7,---,4.9,-0.5,1886
48,16,1,61.2,---,5.1,-0.6,1887
49,12,2,13.6,---,7.5,0.6,1887
50,16,3,42.5,---,7.1,0.1,1887
51,0,4,26.3,---,11.0,5.1,1887
52,0,5,46.6,---,12.3,5.3,1887
53,0,6,11.2,---,21.0,10.2,1887
54,0,7,25.2,---,23.7,12.6,1887
55,0,8,40.7,---,20.7,10.6,1887
56,0,9,57.2,---,15.3,8.0,1887
57,4,10,58.8,---,10.6,4.4,1887
58,7,11,41.0,---,7.6,2.6,1887
59,15,12,66.8,---,6.2,0.4,1887
60,14,1,22.1,---,6.4,1.0,1888
61,21,2,49.5,---,4.0,0.0,1888
62,19,3,98.1,---,5.3,-0.1,1888
63,8,4,52.6,---,8.9,2.7,1888
64,0,5,16.3,---,15.8,6.1,1888
65,0,6,61.8,---,16.9,8.4,1888
66,0,7,129.3,---,16.2,9.6,1888
67,0,8,61.1,---,18.0,10.2,1888
68,0,9,22.9,---,16.0,8.8,1888
69,3,10,17.4,---,11.8,4.5,1888
70,0,11,160.2,---,9.7,4.9,1888
71,6,12,52.2,---,7.7,2.7,1888
72,9,1,39.0,---,6.1,0.9,1889
73,14,2,50.8,---,6.0,0.6,1889
74,9,3,107.6,---,7.5,1.4,1889
75,0,4,92.0,---,9.9,3.6,1889
76,0,5,97.7,---,16.4,8.4,1889
77,0,6,6.1,---,20.0,10.5,1889
78,0,7,62.8,---,18.7,10.8,1889
79,0,8,69.6,---,18.7,11.3,1889
80,0,9,46.8,---,16.1,9.5,1889
81,0,10,100.1,---,11.2,5.5,1889
82,4,11,18.2,---,9.4,4.4,1889
83,10,12,39.4,---,6.4,1.4,1889
84,3,1,103.7,---,8.6,2.3,1890
85,10,2,21.4,---,5.7,1.1,1890
86,8,3,62.9,---,9.6,3.0,1890
87,2,4,20.8,---,9.9,2.9,1890
88,0,5,79.9,---,16.2,6.8,1890
89,0,6,48.4,---,17.2,10.0,1890
90,0,7,57.4,---,17.7,10.8,1890
91,0,8,78.2,---,18.0,10.8,1890
92,0,9,37.5,---,19.4,11.0,1890
93,1,10,37.1,---,13.5,7.0,1890
94,6,11,122.4,---,9.0,2.8,1890
95,25,12,16.8,---,1.9,-2.3,1890
96,18,1,59.5,---,4.4,-0.8,1891
97,9,2,1.8,---,8.8,1.4,1891
98,10,3,53.6,---,7.0,1.1,1891
99,3,4,53.0,---,8.5,1.9,1891
100,1,5,86.8,---,13.1,5.3,1891
101,0,6,89.2,---,18.0,9.7,1891
102,0,7,57.6,---,18.9,11.0,1891
103,0,8,83.5,---,17.5,10.9,1891
104,0,9,58.5,---,18.3,10.4,1891
105,0,10,102.6,---,12.8,6.1,1891
106,6,11,71.3,---,8.1,3.1,1891
107,9,12,161.4,---,7.1,1.0,1891
108,15,1,63.1,---,4.3,0.1,1892
109,12,2,89.8,---,5.4,0.4,1892
110,20,3,33.7,---,5.7,-0.7,1892
111,7,4,24.0,---,12.0,2.4,1892
112,0,5,102.4,---,15.2,6.8,1892
113,0,6,104.0,---,17.1,8.8,1892
114,0,7,80.2,---,16.8,9.8,1892
115,0,8,69.1,---,19.1,11.1,1892
116,0,9,88.6,---,15.8,8.7,1892
117,2,10,143.7,---,10.3,4.1,1892
118,4,11,44.2,---,9.0,3.9,1892
119,16,12,22.8,---,4.8,-0.3,1892
120,14,1,47.2,---,4.6,0.4,1893
121,7,2,112.0,---,7.0,1.6,1893
122,5,3,19.8,---,12.6,3.4,1893
123,0,4,19.5,---,15.1,3.8,1893
124,0,5,73.7,---,16.9,7.4,1893
125,0,6,34.0,---,19.3,10.0,1893
126,0,7,77.3,---,19.9,11.5,1893
127,0,8,40.7,---,21.9,12.7,1893
128,0,9,31.2,---,16.7,8.8,1893
129,1,10,45.9,---,13.8,6.5,1893
130,7,11,49.1,---,8.1,2.0,1893
131,7,12,104.5,---,7.8,1.8,1893
132,11,1,77.1,---,5.6,0.6,1894
133,9,2,132.1,---,8.4,1.5,1894
134,5,3,48.4,---,10.9,1.8,1894
135,0,4,70.0,---,13.1,5.1,1894
136,1,5,49.1,---,12.2,4.8,1894
137,0,6,60.6,---,17.4,9.4,1894
138,0,7,83.0,---,20.3,11.2,1894
139,0,8,54.5,---,17.3,10.6,1894
140,0,9,26.1,---,14.4,8.5,1894
141,2,10,128.2,---,11.7,6.0,1894
142,0,11,37.6,---,10.5,5.7,1894
143,5,12,64.8,---,7.8,2.8,1894
144,23,1,115.5,---,2.0,-2.5,1895
145,24,2,5.8,---,1.6,-4.2,1895
146,7,3,56.6,---,8.6,2.1,1895
147,5,4,49.6,---,12.2,4.2,1895
148,0,5,28.8,---,16.9,7.0,1895
149,0,6,57.1,---,19.2,9.6,1895
150,0,7,112.4,---,19.0,11.4,1895
151,0,8,55.5,---,20.0,12.0,1895
152,0,9,19.9,---,21.0,10.7,1895
153,6,10,87.3,---,10.8,3.9,1895
154,1,11,114.5,---,10.0,4.7,1895
155,10,12,95.1,---,5.8,1.5,1895
156,5,1,29.7,---,7.4,3.0,1896
157,8,2,28.8,---,7.5,2.0,1896
158,1,3,89.5,---,9.8,3.1,1896
159,0,4,46.0,---,12.6,5.3,1896
160,0,5,10.4,---,16.4,6.6,1896
161,0,6,79.1,---,20.4,11.2,1896
162,0,7,23.6,---,20.6,11.7,1896
163,0,8,43.6,---,17.3,10.6,1896
164,0,9,126.8,---,15.8,9.6,1896
165,0,10,76.9,---,9.8,4.0,1896
166,4,11,28.8,---,7.4,2.5,1896
167,9,12,98.6,---,6.2,1.9,1896
168,17,1,65.8,---,3.2,-0.8,1897
169,9,2,96.5,---,7.5,3.1,1897
170,2,3,92.7,---,9.5,3.3,1897
171,5,4,51.4,---,10.0,2.9,1897
172,0,5,26.3,---,14.3,5.1,1897
173,0,6,90.9,---,19.1,10.2,1897
174,0,7,14.0,---,20.3,11.3,1897
175,0,8,55.7,---,20.7,11.5,1897
176,0,9,60.1,---,15.6,8.5,1897
177,0,10,26.1,---,13.0,6.5,1897
178,0,11,82.5,---,9.9,5.2,1897
179,4,12,81.8,---,7.9,2.3,1897
180,1,1,28.4,---,9.3,4.5,1898
181,8,2,58.5,---,7.5,1.8,1898
182,10,3,40.8,---,7.4,1.0,1898
183,1,4,82.9,---,11.9,4.2,1898
184,0,5,66.9,---,13.0,5.9,1898
185,0,6,32.3,---,17.6,9.2,1898
186,0,7,41.7,---,19.4,10.9,1898
187,0,8,86.2,---,20.5,11.9,1898
188,0,9,13.8,---,19.7,10.9,1898
189,0,10,84.0,---,14.2,8.6,1898
190,2,11,71.9,---,9.6,4.8,1898
191,3,12,81.7,---,9.6,4.5,1898
192,7,1,112.3,---,7.3,2.2,1899
193,11,2,51.2,---,8.1,1.8,1899
194,11,3,31.9,---,9.3,1.6,1899
195,1,4,60.1,---,11.0,4.4,1899
196,0,5,63.7,---,13.4,5.1,1899
197,0,6,63.8,---,20.1,10.2,1899
198,0,7,51.4,---,21.2,13.0,1899
199,0,8,23.0,---,22.0,12.4,1899
200,0,9,97.7,---,16.6,9.6,1899
201,1,10,73.3,---,13.5,5.9,1899
202,2,11,50.7,---,11.2,6.2,1899
203,15,12,73.0,---,4.5,-0.1,1899
204,1,1,101.0,---,6.2,2.1,1900
205,14,2,113.0,---,5.0,-0.2,1900
206,10,3,20.4,---,6.0,0.7,1900
207,4,4,36.0,---,12.7,3.9,1900
208,0,5,43.7,---,13.6,6.0,1900
209,0,6,78.2,---,18.9,10.5,1900
210,0,7,71.5,---,22.5,13.3,1900
211,0,8,109.5,---,18.7,11.3,1900
212,0,9,12.9,---,17.7,9.6,1900
213,0,10,66.6,---,13.0,6.5,1900
214,0,11,67.7,---,9.1,5.1,1900
215,0,12,116.7,---,9.4,4.8,1900
216,12,1,64.6,---,5.5,0.7,1901
217,14,2,29.2,---,4.7,0.4,1901
218,11,3,60.4,---,7.0,1.0,1901
219,1,4,43.8,---,13.1,3.9,1901
220,0,5,23.9,---,15.9,6.3,1901
221,0,6,27.5,---,18.3,9.2,1901
222,0,7,82.1,---,22.6,13.5,1901
223,0,8,30.7,---,20.6,11.9,1901
224,0,9,22.0,---,17.3,10.0,1901
225,1,10,50.2,---,12.7,5.9,1901
226,10,11,112.0,---,8.2,2.9,1901
227,11,12,164.2,---,5.5,1.2,1901
228,11,1,37.6,---,7.3,2.5,1902
229,17,2,44.5,---,3.7,-0.8,1902
230,1,3,38.4,---,10.5,3.6,1902
231,1,4,74.4,---,11.2,3.1,1902
232,0,5,75.0,---,11.9,5.1,1902
233,0,6,43.4,---,17.8,9.3,1902
234,0,7,51.4,---,18.4,10.4,1902
235,0,8,120.4,---,17.2,9.9,1902
236,0,9,50.9,---,16.5,9.2,1902
237,0,10,81.4,---,12.1,6.9,1902
238,2,11,63.6,---,9.1,4.6,1902
239,8,12,68.2,---,7.0,2.7,1902
240,8,1,90.3,---,6.3,1.8,1903
241,1,2,66.4,---,9.6,4.1,1903
242,0,3,97.2,---,10.4,3.4,1903
243,7,4,48.4,---,10.0,2.7,1903
244,0,5,97.4,---,14.0,6.5,1903
245,0,6,30.1,---,17.0,8.7,1903
246,0,7,58.9,---,19.2,11.5,1903
247,0,8,107.8,---,17.6,10.7,1903
248,0,9,100.5,---,16.6,9.1,1903
249,0,10,182.6,---,12.8,7.3,1903
250,2,11,42.8,---,9.3,4.1,1903
251,8,12,44.7,---,5.2,1.2,1903
252,7,1,80.6,---,6.6,1.7,1904
253,7,2,131.7,---,4.9,0.8,1904
254,7,3,52.1,---,7.3,1.3,1904
255,0,4,60.4,---,12.1,5.2,1904
256,0,5,63.1,---,14.5,6.8,1904
257,0,6,17.3,---,17.3,9.1,1904
258,0,7,50.5,---,21.3,12.3,1904
259,0,8,96.1,---,19.2,11.1,1904
260,0,9,28.1,---,16.9,8.7,1904
261,0,10,17.3,---,13.4,6.8,1904
262,6,11,57.2,---,8.7,3.7,1904
263,11,12,46.8,---,6.5,1.6,1904
264,13,1,35.9,---,6.5,1.6,1905
265,4,2,32.4,---,7.5,2.5,1905
266,0,3,72.0,---,10.4,3.5,1905
267,3,4,59.5,---,10.1,3.8,1905
268,0,5,10.5,---,14.9,6.5,1905
269,0,6,77.5,---,19.0,10.0,1905
270,0,7,40.6,---,21.8,13.3,1905
271,0,8,103.0,---,18.5,11.0,1905
272,0,9,28.9,---,15.7,9.3,1905
273,0,10,44.7,---,10.4,4.5,1905
274,3,11,99.1,---,7.5,2.9,1905
275,3,12,14.9,---,7.5,3.0,1905
276,4,1,97.8,---,7.2,2.9,1906
277,14,2,76.4,---,5.6,0.4,1906
278,13,3,59.5,---,8.6,1.5,1906
279,4,4,16.0,---,12.0,2.2,1906
280,0,5,48.9,---,13.9,6.9,1906
281,0,6,44.9,---,18.6,9.9,1906
282,0,7,36.9,---,20.4,11.6,1906
283,0,8,44.1,---,21.3,12.8,1906
284,0,9,17.9,---,18.7,10.0,1906
285,0,10,141.4,---,13.8,7.8,1906
286,1,11,86.4,---,10.2,5.0,1906
287,12,12,77.4,---,5.9,0.8,1906
288,10,1,35.2,---,6.4,1.3,1907
289,13,2,57.6,---,6.0,0.4,1907
290,5,3,65.5,---,11.1,2.8,1907
291,2,4,56.7,---,11.0,3.8,1907
292,0,5,97.3,---,13.7,6.5,1907
293,0,6,92.2,---,15.9,9.0,1907
294,0,7,53.2,---,17.1,10.0,1907
295,0,8,55.9,---,18.2,10.6,1907
296,0,9,11.6,---,18.3,9.3,1907
297,0,10,136.8,---,13.0,6.7,1907
298,3,11,84.4,---,9.5,4.5,1907
299,7,12,57.0,---,6.6,2.2,1907
300,16,1,46.3,---,5.8,0.5,1908
301,3,2,58.7,---,7.9,2.8,1908
302,13,3,80.2,---,6.9,1.0,1908
303,5,4,60.2,---,9.0,2.3,1908
304,0,5,59.4,---,16.8,8.3,1908
305,0,6,39.6,---,18.2,9.4,1908
306,0,7,64.8,---,19.5,11.6,1908
307,0,8,78.4,---,18.1,10.6,1908
308,0,9,39.4,---,16.7,9.4,1908
309,0,10,28.9,---,15.3,9.0,1908
310,3,11,38.1,---,10.2,4.6,1908
311,7,12,51.6,---,6.1,1.5,1908
312,9,1,51.8,---,6.2,1.2,1909
313,17,2,16.7,---,5.9,0.5,1909
314,16,3,108.0,---,6.4,0.7,1909
315,2,4,43.2,---,13.9,4.1,1909
316,0,5,50.4,---,15.6,5.8,1909
317,0,6,79.4,---,15.1,8.2,1909
318,0,7,84.4,---,18.1,11.2,1909
319,0,8,55.1,---,20.3,11.5,1909
320,0,9,57.3,---,14.7,9.0,1909
321,1,10,72.6,---,13.7,6.9,1909
322,4,11,17.7,---,8.1,3.2,1909
323,8,12,167.5,---,6.1,1.6,1909
324,11,1,75.0,---,6.0,1.0,1910
325,3,2,89.5,---,7.5,2.1,1910
326,2,3,22.7,---,10.0,2.9,1910
327,2,4,61.4,---,10.8,3.2,1910
328,0,5,60.8,---,14.8,6.9,1910
329,0,6,66.1,---,18.8,10.4,1910
330,0,7,45.9,---,17.7,10.3,1910
331,0,8,87.9,---,18.7,11.6,1910
332,0,9,7.6,---,15.6,9.5,1910
333,0,10,58.8,---,13.3,8.2,1910
334,8,11,102.2,---,5.9,0.9,1910
335,2,12,109.5,---,8.2,4.0,1910
336,7,1,31.8,---,6.2,1.7,1911
337,2,2,74.3,---,7.6,2.5,1911
338,1,3,30.9,---,7.0,2.2,1911
339,4,4,35.3,---,10.7,4.1,1911
340,0,5,25.1,---,17.3,8.5,1911
341,0,6,53.5,---,18.8,9.6,1911
342,0,7,3.8,---,23.4,12.4,1911
343,0,8,43.8,---,23.0,13.4,1911
344,0,9,54.1,---,18.6,9.4,1911
345,1,10,55.7,---,11.8,6.5,1911
346,1,11,101.3,---,8.5,3.7,1911
347,0,12,137.2,---,8.1,3.8,1911
348,9,1,128.3,---,5.4,1.2,1912
349,6,2,40.7,---,7.3,2.5,1912
350,1,3,87.4,---,9.7,4.2,1912
351,1,4,12.9,---,12.9,4.3,1912
352,0,5,93.0,---,15.3,7.8,1912
353,0,6,98.5,---,17.5,10.0,1912
354,0,7,131.0,---,18.8,11.9,1912
355,0,8,144.5,---,16.0,9.6,1912
356,0,9,30.0,---,14.3,8.0,1912
357,0,10,72.3,---,12.5,5.2,1912
358,3,11,58.0,---,8.8,4.5,1912
359,1,12,100.5,---,9.3,4.1,1912
360,9,1,95.5,---,6.0,1.5,1913
361,4,2,30.4,---,8.3,2.2,1913
362,1,3,110.8,---,8.8,2.6,1913
363,2,4,77.7,---,11.3,4.0,1913
364,0,5,55.3,---,15.5,7.3,1913
365,0,6,20.8,---,18.2,9.8,1913
366,0,7,39.7,---,17.7,10.8,1913
367,0,8,31.2,---,19.1,11.1,1913
368,0,9,76.1,---,17.4,10.5,1913
369,0,10,105.2,---,13.6,8.2,1913
370,1,11,82.0,---,11.1,5.7,1913
371,5,12,49.3,---,7.3,3.4,1913
372,10,1,41.0,---,6.1,2.0,1914
373,0,2,50.2,---,9.5,4.2,1914
374,1,3,66.3,---,9.1,3.1,1914
375,0,4,33.7,---,14.8,5.2,1914
376,1,5,37.6,---,14.6,6.6,1914
377,0,6,55.5,---,19.1,10.0,1914
378,0,7,63.5,---,20.2,12.3,1914
379,0,8,32.5,---,20.7,12.0,1914
380,0,9,40.7,---,17.6,9.1,1914
381,0,10,57.5,---,13.1,7.9,1914
382,0,11,101.4,---,9.2,4.4,1914
383,2,12,154.6,---,6.6,2.4,1914
384,1,1,90.9,---,6.2,2.1,1915
385,8,2,106.4,---,6.6,1.3,1915
386,10,3,27.0,---,8.7,2.0,1915
387,0,4,31.2,---,11.5,4.0,1915
388,0,5,37.7,---,15.0,5.8,1915
389,0,6,39.6,---,19.0,9.5,1915
390,0,7,108.2,---,18.3,11.2,1915
391,0,8,56.5,---,19.3,11.6,1915
392,0,9,16.7,---,17.5,9.5,1915
393,0,10,41.4,---,11.8,6.5,1915
394,6,11,81.4,---,6.1,1.5,1915
395,1,12,198.0,---,7.2,2.8,1915
396,0,1,44.5,---,10.4,5.0,1916
397,5,2,136.3,---,5.9,1.0,1916
398,14,3,126.3,---,5.0,0.4,1916
399,0,4,35.4,---,12.4,4.4,1916
400,0,5,67.3,---,15.5,7.4,1916
401,0,6,56.0,---,15.1,8.0,1916
402,0,7,30.6,---,18.9,11.6,1916
403,0,8,37.0,---,20.8,12.6,1916
404,0,9,38.2,---,16.2,9.4,1916
405,0,10,90.7,---,13.6,7.5,1916
406,1,11,100.1,---,9.5,4.5,1916
407,9,12,78.3,---,4.9,0.5,1916
408,16,1,54.2,---,3.1,0.3,1917
409,15,2,16.2,---,4.0,-0.8,1917
410,15,3,64.0,---,5.9,-0.1,1917
411,11,4,45.9,---,8.7,1.4,1917
412,1,5,43.0,---,17.2,7.7,1917
413,0,6,65.1,---,19.4,10.3,1917
414,0,7,26.2,---,20.4,11.7,1917
415,0,8,128.6,---,19.0,12.2,1917
416,0,9,21.6,---,18.1,10.8,1917
417,0,10,101.9,---,11.2,4.4,1917
418,1,11,54.6,---,10.9,6.2,1917
419,10,12,38.3,---,5.2,0.7,1917
420,10,1,66.8,---,6.4,1.3,1918
421,4,2,73.1,---,8.9,3.7,1918
422,6,3,36.7,---,9.1,2.4,1918
423,1,4,34.8,---,10.0,3.4,1918
424,0,5,69.0,---,17.9,8.3,1918
425,0,6,14.8,---,17.3,9.0,1918
426,---,7,103.7,---,---,---,1918
427,---,8,44.7,---,---,---,1918
428,---,9,178.5,---,---,---,1918
429,---,10,50.2,---,---,---,1918
430,---,11,39.6,---,---,---,1918
431,---,12,116.4,---,---,---,1918
432,---,1,112.3,---,---,---,1919
433,---,2,56.6,---,---,---,1919
434,---,3,114.8,---,---,---,1919
435,---,4,43.6,---,---,---,1919
436,---,5,41.1,---,---,---,1919
437,---,6,13.2,---,---,---,1919
438,---,7,116.4,---,---,---,1919
439,---,8,76.4,---,---,---,1919
440,---,9,63.1,---,---,---,1919
441,---,10,78.1,---,---,---,1919
442,---,11,57.5,---,---,---,1919
443,---,12,136.6,---,---,---,1919
444,4,1,104.9,---,7.9,2.2,1920
445,1,2,81.0,---,8.8,3.0,1920
446,3,3,56.8,---,10.7,3.7,1920
447,0,4,122.6,---,10.4,4.8,1920
448,0,5,79.1,---,15.7,7.5,1920
449,0,6,88.1,---,18.4,9.6,1920
450,0,7,110.8,---,17.5,10.8,1920
451,0,8,22.6,---,17.1,10.3,1920
452,0,9,28.6,---,16.6,9.4,1920
453,0,10,50.5,---,13.4,7.5,1920
454,1,11,29.2,---,9.5,4.9,1920
455,5,12,82.7,---,6.6,2.5,1920
456,2,1,85.3,---,9.5,4.5,1921
457,2,2,8.6,---,7.1,2.7,1921
458,1,3,48.6,---,10.6,4.1,1921
459,2,4,23.4,---,12.4,4.2,1921
460,0,5,31.8,---,16.1,6.7,1921
461,0,6,8.4,---,19.3,9.6,1921
462,0,7,11.5,---,23.8,12.7,1921
463,0,8,121.5,---,19.2,11.7,1921
464,0,9,28.4,---,18.5,10.3,1921
465,0,10,56.3,---,16.7,9.6,1921
466,6,11,48.8,---,7.2,2.4,1921
467,2,12,105.7,---,9.2,4.1,1921
468,9,1,111.5,---,5.3,0.9,1922
469,11,2,81.1,---,6.8,0.9,1922
470,4,3,50.9,---,6.7,1.6,1922
471,3,4,96.6,---,8.9,1.7,1922
472,0,5,20.7,---,17.9,8.3,1922
473,0,6,32.1,---,18.2,9.1,1922
474,0,7,83.3,---,17.2,9.9,1922
475,0,8,197.7,---,16.8,10.2,1922
476,0,9,72.6,---,15.3,8.9,1922
477,0,10,26.0,---,11.4,5.5,1922
478,1,11,37.3,---,9.1,3.7,1922
479,1,12,94.4,---,7.8,3.5,1922
480,0,1,36.2,---,8.5,4.1,1923
481,4,2,153.0,---,7.0,2.3,1923
482,1,3,46.8,---,9.5,3.3,1923
483,0,4,59.2,---,10.5,3.8,1923
484,0,5,80.8,---,12.5,5.4,1923
485,0,6,19.6,---,15.3,8.9,1923
486,---,7,119.6,---,---,---,1923
487,---,8,73.3,---,---,---,1923
488,---,9,59.1,---,---,---,1923
489,---,10,51.8,---,---,---,1923
490,---,11,115.4,---,---,---,1923
491,---,12,69.1,---,---,---,1923
492,8,1,54.2,---,6.6,2.3,1924
493,11,2,31.3,---,5.6,1.2,1924
494,18,3,21.8,---,7.5,-0.3,1924
495,3,4,49.1,---,10.8,2.9,1924
496,0,5,93.8,---,15.2,7.6,1924
497,0,6,40.4,---,17.9,10.1,1924
498,0,7,65.6,---,19.2,11.5,1924
499,0,8,63.2,---,17.5,10.7,1924
500,0,9,89.3,---,16.2,10.3,1924
501,0,10,102.3,---,12.9,7.2,1924
502,0,11,55.6,---,9.4,5.1,1924
503,0,12,73.5,---,9.0,5.1,1924
504,1,1,84.8,---,7.5,2.7,1925
505,3,2,98.2,---,7.6,1.9,1925
506,7,3,24.3,---,7.6,2.4,1925
507,1,4,75.0,---,11.1,3.6,1925
508,0,5,94.6,---,15.8,7.7,1925
509,0,6,2.2,---,19.3,10.2,1925
510,0,7,23.2,---,21.8,12.6,1925
511,0,8,79.4,---,19.5,12.1,1925
512,0,9,60.8,---,14.9,8.2,1925
513,0,10,91.2,---,13.7,7.2,1925
514,12,11,62.0,---,6.5,1.6,1925
515,14,12,78.2,---,5.3,0.8,1925
516,9,1,83.8,---,6.8,2.2,1926
517,4,2,55.6,---,9.0,4.0,1926
518,3,3,35.2,---,9.1,3.2,1926
519,0,4,45.1,---,13.2,5.7,1926
520,0,5,74.1,---,13.5,6.0,1926
521,0,6,77.5,---,17.6,9.6,1926
522,0,7,62.1,---,20.9,13.0,1926
523,0,8,70.2,---,20.6,11.9,1926
524,0,9,34.1,---,17.8,10.4,1926
525,3,10,78.0,---,11.2,5.0,1926
526,1,11,95.0,---,8.6,3.3,1926
527,4,12,30.7,---,6.7,2.4,1926
528,4,1,47.9,---,7.2,2.7,1927
529,8,2,38.2,---,7.4,1.8,1927
530,0,3,74.6,---,10.3,3.9,1927
531,0,4,56.7,---,11.7,4.5,1927
532,0,5,33.8,---,14.4,6.3,1927
533,0,6,105.4,---,15.8,8.3,1927
534,0,7,67.5,---,19.0,11.9,1927
535,0,8,127.5,---,19.4,12.1,1927
536,0,9,99.8,---,15.5,9.6,1927
537,0,10,64.5,---,13.4,7.2,1927
538,2,11,84.2,---,8.5,3.7,1927
539,11,12,66.7,---,3.0,0.0,1927
540,1,1,167.7,---,8.0,2.5,1928
541,1,2,104.9,---,8.9,2.8,1928
542,4,3,72.2,---,8.7,2.9,1928
543,2,4,31.9,---,11.8,4.0,1928
544,0,5,31.9,---,13.8,6.3,1928
545,0,6,77.2,---,16.6,8.6,1928
546,0,7,17.7,---,20.3,12.2,1928
547,0,8,64.3,---,19.5,11.4,1928
548,0,9,6.0,---,17.0,8.8,1928
549,0,10,122.0,---,12.9,7.1,1928
550,1,11,118.1,---,10.4,5.3,1928
551,9,12,57.2,---,6.0,1.4,1928
552,12,1,40.5,23.7,3.8,0.3,1929
553,17,2,17.1,16.9,2.6,-2.5,1929
554,6,3,3.3,---,12.1,2.4,1929
555,3,4,25.9,108.0,10.1,2.9,1929
556,0,5,52.1,188.3,15.9,6.7,1929
557,0,6,38.0,192.0,17.3,9.3,1929
558,0,7,25.3,193.8,20.9,11.9,1929
559,0,8,47.7,154.2,19.1,11.2,1929
560,0,9,37.3,178.9,20.1,10.9,1929
561,0,10,85.9,106.8,12.7,6.4,1929
562,4,11,153.2,57.5,9.4,3.9,1929
563,2,12,186.2,56.0,7.8,3.1,1929
564,6,1,120.5,54.2,8.1,2.4,1930
565,12,2,22.2,29.1,4.4,0.6,1930
566,9,3,76.2,88.2,8.1,2.1,1930
567,0,4,64.5,75.1,11.0,4.8,1930
568,0,5,38.3,119.9,14.1,6.6,1930
569,0,6,27.1,187.7,19.7,10.5,1930
570,0,7,149.4,162.1,18.6,11.4,1930
571,0,8,62.3,179.2,19.9,11.9,1930
572,0,9,127.9,111.5,16.7,10.5,1930
573,0,10,79.1,123.7,13.4,7.6,1930
574,4,11,83.4,67.9,9.3,3.5,1930
575,7,12,68.3,16.5,6.5,1.8,1930
576,7,1,61.0,48.0,6.1,1.2,1931
577,5,2,83.4,44.8,5.8,1.6,1931
578,17,3,5.4,114.1,7.3,-0.3,1931
579,1,4,83.8,101.2,10.8,4.7,1931
580,0,5,78.3,147.9,15.3,7.2,1931
581,0,6,111.8,133.9,17.8,10.5,1931
582,0,7,104.1,128.6,19.2,12.3,1931
583,0,8,145.2,145.7,17.8,10.5,1931
584,0,9,94.3,80.4,15.0,9.1,1931
585,5,10,20.0,122.8,12.8,5.5,1931
586,0,11,104.7,31.8,10.1,5.1,1931
587,9,12,35.9,39.1,8.1,3.2,1931
588,8,1,68.6,49.8,9.2,3.3,1932
589,8,2,10.1,26.8,6.3,1.6,1932
590,8,3,41.1,45.3,8.0,2.0,1932
591,1,4,82.2,117.6,9.8,3.2,1932
592,1,5,170.7,86.4,13.0,6.8,1932
593,0,6,17.2,158.7,18.0,9.4,1932
594,0,7,122.1,135.9,19.6,12.7,1932
595,0,8,61.0,151.2,21.0,13.5,1932
596,0,9,46.3,143.2,17.0,9.4,1932
597,0,10,101.1,85.7,11.8,5.9,1932
598,0,11,59.0,26.1,8.8,4.5,1932
599,3,12,30.0,33.5,7.8,3.8,1932
600,13,1,53.1,34.2,5.2,0.2,1933
601,8,2,113.2,73.3,6.7,1.7,1933
602,2,3,64.2,126.8,11.5,3.0,1933
603,1,4,33.8,112.1,13.0,5.5,1933
604,0,5,48.0,121.2,15.7,8.3,1933
605,0,6,26.7,211.0,20.4,10.8,1933
606,0,7,53.0,207.8,23.0,13.6,1933
607,0,8,11.5,218.7,22.7,13.4,1933
608,0,9,41.1,141.7,19.7,11.1,1933
609,0,10,128.0,70.0,12.9,7.7,1933
610,0,11,46.4,40.7,8.3,4.5,1933
611,9,12,14.8,10.9,4.6,0.7,1933
612,7,1,68.7,47.4,7.5,1.8,1934
613,6,2,7.5,76.4,7.7,2.0,1934
614,2,3,77.0,75.3,7.9,1.8,1934
615,2,4,65.3,109.5,11.3,4.1,1934
616,0,5,33.1,169.1,16.0,7.4,1934
617,0,6,23.3,161.0,19.3,10.2,1934
618,0,7,39.6,225.8,23.8,13.4,1934
619,0,8,27.5,159.5,19.6,11.2,1934
620,0,9,45.1,142.4,19.1,10.2,1934
621,0,10,66.1,84.0,13.1,7.7,1934
622,2,11,50.0,31.8,8.6,4.7,1934
623,0,12,123.6,14.3,9.5,6.0,1934
624,3,1,38.0,46.0,6.9,3.0,1935
625,2,2,101.5,43.1,8.0,3.2,1935
626,4,3,39.0,96.9,9.6,3.6,1935
627,0,4,63.3,128.6,11.5,4.2,1935
628,0,5,9.7,185.2,14.0,5.3,1935
629,0,6,77.2,189.9,19.7,10.8,1935
630,0,7,17.0,238.8,22.2,12.7,1935
631,0,8,50.7,192.1,22.4,12.4,1935
632,0,9,104.2,140.3,17.4,9.5,1935
633,1,10,128.6,73.7,12.5,6.0,1935
634,0,11,147.6,51.1,9.1,4.2,1935
635,11,12,94.5,32.5,5.1,0.9,1935
636,10,1,81.9,32.9,5.5,1.3,1936
637,17,2,69.5,38.1,4.2,-0.8,1936
638,2,3,52.7,41.9,9.4,3.5,1936
639,2,4,39.9,146.5,9.7,3.0,1936
640,0,5,34.5,137.0,14.6,6.9,1936
641,0,6,87.2,151.6,18.8,10.2,1936
642,0,7,93.0,146.3,18.9,12.0,1936
643,0,8,32.6,165.6,20.3,12.5,1936
644,0,9,64.5,75.0,17.5,11.7,1936
645,0,10,74.3,91.5,12.9,6.9,1936
646,5,11,76.8,39.3,8.5,3.1,1936
647,6,12,67.4,42.2,8.1,2.7,1936
648,8,1,139.3,25.6,7.2,2.2,1937
649,1,2,131.9,57.4,7.3,2.7,1937
650,13,3,84.9,78.3,5.5,0.2,1937
651,1,4,56.5,80.5,11.7,5.2,1937
652,0,5,77.7,166.1,16.0,7.8,1937
653,0,6,27.7,156.2,17.9,10.4,1937
654,0,7,75.3,135.0,19.7,12.5,1937
655,0,8,14.9,153.8,21.3,12.5,1937
656,0,9,50.1,140.0,17.5,9.5,1937
657,0,10,85.5,59.9,13.5,7.9,1937
658,4,11,59.9,34.4,8.0,3.2,1937
659,10,12,95.1,17.1,5.1,1.2,1937
660,0,1,93.9,41.1,8.3,3.4,1938
661,0,2,27.1,38.0,7.2,2.7,1938
662,0,3,7.2,128.4,13.8,6.1,1938
663,0,4,4.8,112.7,11.6,4.3,1938
664,0,5,67.1,150.0,14.9,6.6,1938
665,0,6,50.6,183.8,18.5,10.6,1938
666,0,7,96.1,128.7,18.7,11.3,1938
667,0,8,78.4,131.0,19.7,12.1,1938
668,0,9,58.7,107.3,17.1,10.4,1938
669,0,10,119.8,88.1,13.4,7.4,1938
670,0,11,101.8,74.4,11.7,6.4,1938
671,7,12,84.1,30.1,6.3,1.7,1938
672,7,1,148.9,20.7,6.0,1.9,1939
673,3,2,45.0,71.6,8.2,2.6,1939
674,0,3,55.4,88.6,8.3,3.1,1939
675,1,4,48.4,150.7,12.2,4.7,1939
676,0,5,49.2,163.1,15.6,7.2,1939
677,0,6,60.3,188.4,18.4,9.2,1939
678,0,7,129.3,133.0,19.1,12.0,1939
679,0,8,61.4,90.2,19.9,12.6,1939
680,0,9,49.3,80.9,17.2,11.0,1939
681,0,10,94.8,74.4,11.0,5.3,1939
682,0,11,136.6,41.9,10.7,5.8,1939
683,2,12,57.7,31.9,5.8,2.6,1939
684,27,1,83.3,32.8,1.8,-3.5,1940
685,15,2,63.1,14.3,3.5,-0.8,1940
686,7,3,53.4,104.3,9.5,2.6,1940
687,1,4,69.1,105.1,11.8,4.4,1940
688,0,5,28.8,193.9,17.4,7.9,1940
689,0,6,15.1,278.9,22.4,11.6,1940
690,0,7,69.5,169.8,19.5,11.4,1940
691,0,8,7.7,172.0,19.7,11.7,1940
692,0,9,34.2,154.6,16.8,9.0,1940
693,1,10,106.9,52.2,12.2,6.9,1940
694,1,11,173.0,43.5,9.2,4.6,1940
695,1,12,61.3,28.3,6.5,2.3,1940
696,22,1,125.5,19.8,1.7,-1.4,1941
697,13,2,87.7,65.6,5.4,0.5,1941
698,5,3,125.1,96.9,7.9,1.1,1941
699,1,4,46.4,70.6,8.9,3.2,1941
700,1,5,77.6,115.9,13.0,5.2,1941
701,0,6,6.0,203.4,19.8,10.3,1941
702,0,7,106.2,208.3,22.4,13.5,1941
703,0,8,69.6,175.7,18.6,11.3,1941
704,0,9,8.5,62.7,18.2,11.4,1941
705,0,10,108.8,58.6,13.0,7.9,1941
706,1,11,92.5,25.3,8.5,3.8,1941
707,3,12,28.2,39.3,8.6,4.1,1941
708,18,1,84.0,19.6,3.2,-0.8,1942
709,25,2,31.1,24.3,2.5,-2.4,1942
710,7,3,57.1,36.1,7.4,1.5,1942
711,0,4,36.0,182.1,13.1,4.4,1942
712,0,5,114.3,190.1,15.2,6.8,1942
713,0,6,29.4,190.4,19.3,10.2,1942
714,0,7,52.3,183.5,19.7,11.5,1942
715,0,8,84.8,103.6,19.9,12.9,1942
716,0,9,29.4,120.4,17.2,10.2,1942
717,0,10,67.6,78.8,13.7,7.8,1942
718,0,11,37.0,39.9,8.5,4.1,1942
719,4,12,58.1,25.3,8.9,4.3,1942
720,7,1,117.6,29.8,6.4,2.2,1943
721,1,2,41.1,101.8,8.9,3.4,1943
722,2,3,33.4,112.7,10.6,3.4,1943
723,0,4,48.0,163.3,14.5,6.8,1943
724,0,5,69.6,222.8,16.8,7.2,1943
725,0,6,39.3,188.4,18.5,10.7,1943
726,0,7,32.6,211.3,21.0,11.6,1943
727,0,8,61.9,111.7,19.5,12.0,1943
728,0,9,83.2,121.0,16.6,10.0,1943
729,0,10,48.3,86.5,14.0,7.7,1943
730,0,11,59.8,47.8,8.6,4.3,1943
731,6,12,26.5,30.0,6.5,2.3,1943
732,4,1,96.2,41.2,8.8,3.4,1944
733,8,2,50.6,41.3,5.9,1.1,1944
734,7,3,11.0,95.8,8.7,2.5,1944
735,1,4,58.5,125.6,13.8,6.2,1944
736,0,5,60.0,163.3,15.3,7.0,1944
737,0,6,56.3,146.3,16.8,9.4,1944
738,0,7,58.2,99.7,19.5,12.8,1944
739,0,8,64.1,142.0,20.8,12.5,1944
740,0,9,111.7,101.7,15.9,9.1,1944
741,0,10,77.3,61.9,11.7,6.8,1944
742,0,11,142.1,31.1,8.8,3.7,1944
743,6,12,61.9,38.8,6.5,1.8,1944
744,17,1,75.2,49.1,3.4,-1.0,1945
745,1,2,69.1,59.4,10.1,4.2,1945
746,0,3,13.7,114.5,12.2,5.1,1945
747,1,4,44.5,163.6,14.3,6.0,1945
748,0,5,78.8,142.6,16.1,8.0,1945
749,0,6,80.4,162.8,18.5,10.9,1945
750,0,7,45.3,192.0,20.9,13.2,1945
751,0,8,66.8,150.5,20.1,11.9,1945
752,0,9,20.9,77.5,17.5,11.0,1945
753,0,10,136.8,75.5,15.2,8.9,1945
754,0,11,9.9,22.8,9.3,5.7,1945
755,4,12,42.5,33.6,7.6,3.0,1945
756,16,1,108.1,31.5,5.7,0.6,1946
757,6,2,111.8,71.0,8.2,3.5,1946
758,9,3,32.9,102.9,8.8,2.0,1946
759,0,4,29.2,150.5,14.1,6.3,1946
760,0,5,60.7,143.6,13.9,6.0,1946
761,0,6,85.3,178.9,17.1,9.5,1946
762,0,7,63.9,170.7,20.3,12.8,1946
763,0,8,110.2,130.1,18.2,11.1,1946
764,0,9,113.0,98.0,17.0,10.7,1946
765,0,10,32.0,47.5,11.7,7.5,1946
766,0,11,158.2,22.5,10.2,5.8,1946
767,6,12,80.4,45.3,5.8,1.3,1946
768,16,1,85.4,34.8,3.7,0.0,1947
769,28,2,69.0,18.5,-0.6,-3.5,1947
770,14,3,141.4,58.5,5.3,0.2,1947
771,0,4,88.5,142.0,11.9,5.0,1947
772,0,5,56.8,151.3,18.2,8.5,1947
773,0,6,68.4,168.6,19.8,11.7,1947
774,0,7,32.8,116.7,20.6,13.6,1947
775,0,8,12.7,239.0,23.9,13.3,1947
776,0,9,35.5,145.5,18.8,11.1,1947
777,0,10,14.0,83.1,14.6,8.2,1947
778,5,11,72.6,89.2,9.8,4.7,1947
779,6,12,94.0,22.8,7.6,3.4,1947
780,1,1,165.3,32.4,7.2,2.6,1948
781,8,2,59.0,34.8,6.5,2.3,1948
782,2,3,26.1,131.2,12.4,4.0,1948
783,0,4,42.1,154.7,12.9,4.9,1948
784,0,5,38.4,216.8,15.9,6.5,1948
785,0,6,72.5,151.8,16.9,9.7,1948
786,0,7,24.2,171.6,19.7,11.7,1948
787,0,8,118.9,108.0,18.5,11.5,1948
788,0,9,37.4,101.0,16.7,10.8,1948
789,0,10,37.1,78.3,13.4,7.2,1948
790,3,11,28.0,62.9,10.6,4.9,1948
791,5,12,87.6,33.0,7.9,3.0,1948
792,3,1,34.4,48.0,7.8,3.0,1949
793,5,2,38.4,96.0,8.9,2.8,1949
794,8,3,32.5,90.3,7.2,1.9,1949
795,0,4,66.4,148.3,13.7,6.0,1949
796,0,5,41.0,225.2,15.6,6.7,1949
797,0,6,13.3,227.1,20.2,9.9,1949
798,0,7,114.8,170.4,21.6,12.7,1949
799,0,8,41.6,181.0,21.1,12.5,1949
800,0,9,28.0,126.9,19.9,12.3,1949
801,1,10,84.2,92.7,14.5,8.1,1949
802,1,11,112.9,46.8,8.9,4.0,1949
803,0,12,105.7,35.0,8.0,3.3,1949
804,9,1,35.7,15.8,6.4,2.3,1950
805,5,2,147.9,65.6,8.0,1.8,1950
806,1,3,25.5,114.2,11.4,4.0,1950
807,1,4,78.0,141.4,10.7,3.4,1950
808,0,5,38.9,112.7,13.9,6.8,1950
809,0,6,28.4,248.8,21.1,11.4,1950
810,0,7,43.1,184.2,19.9,12.2,1950
811,0,8,84.6,160.9,19.8,11.8,1950
812,0,9,87.1,106.4,16.1,9.6,1950
813,0,10,35.4,90.5,12.6,7.0,1950
814,2,11,119.3,34.5,8.1,3.3,1950
815,16,12,50.6,36.1,3.2,-0.3,1950
816,8,1,68.8,41.7,5.9,1.6,1951
817,2,2,92.4,41.1,5.7,1.0,1951
818,7,3,102.5,75.7,6.5,0.9,1951
819,0,4,31.8,146.1,10.3,3.4,1951
820,0,5,100.6,118.2,13.0,5.8,1951
821,0,6,14.7,206.8,17.9,9.4,1951
822,0,7,32.9,184.9,20.6,12.3,1951
823,0,8,133.1,143.7,18.4,11.2,1951
824,0,9,45.1,113.5,17.7,10.7,1951
825,0,10,23.7,96.3,13.5,6.5,1951
826,0,11,199.2,50.9,10.6,6.0,1951
827,4,12,92.9,38.8,8.2,2.6,1951
828,7,1,89.9,52.9,5.0,0.7,1952
829,11,2,19.7,60.5,6.4,0.9,1952
830,5,3,57.0,61.8,9.0,3.5,1952
831,0,4,40.8,140.7,13.7,5.4,1952
832,0,5,74.4,173.9,17.6,9.0,1952
833,0,6,37.4,192.8,18.4,10.3,1952
834,0,7,32.6,137.4,19.9,12.9,1952
835,0,8,37.0,160.3,19.9,12.0,1952
836,0,9,70.0,77.3,13.7,8.1,1952
837,0,10,124.6,94.2,11.8,6.2,1952
838,5,11,50.7,55.5,6.6,2.3,1952
839,7,12,60.4,39.5,5.9,1.5,1952
840,3,1,21.2,26.3,6.4,2.4,1953
841,6,2,54.8,40.2,7.3,2.6,1953
842,8,3,47.8,82.4,10.6,2.0,1953
843,0,4,59.9,128.9,11.0,3.4,1953
844,0,5,61.4,180.0,17.4,8.5,1953
845,0,6,49.5,108.7,17.8,10.7,1953
846,0,7,66.1,184.4,19.4,12.0,1953
847,0,8,79.6,180.9,20.2,12.4,1953
848,0,9,34.8,142.8,18.0,10.3,1953
849,0,10,50.3,68.2,13.3,6.5,1953
850,0,11,44.0,39.7,11.2,6.3,1953
851,0,12,28.8,24.2,8.8,5.0,1953
852,11,1,70.2,27.5,5.3,1.0,1954
853,11,2,74.5,40.5,4.3,-0.2,1954
854,3,3,61.4,90.4,8.6,2.4,1954
855,0,4,7.6,120.4,11.7,4.1,1954
856,0,5,93.8,104.4,14.9,7.4,1954
857,0,6,57.2,117.5,16.4,9.9,1954
858,0,7,49.2,126.9,17.4,10.9,1954
859,0,8,166.7,98.8,17.7,11.0,1954
860,0,9,58.0,161.4,16.4,9.0,1954
861,0,10,78.7,80.5,14.9,9.2,1954
862,0,11,170.7,48.0,9.6,4.1,1954
863,2,12,95.8,31.5,8.8,4.3,1954
864,12,1,60.0,31.7,4.8,0.5,1955
865,17,2,69.2,55.0,3.5,-0.9,1955
866,17,3,88.1,106.5,6.5,-0.1,1955
867,0,4,19.0,137.0,13.5,5.9,1955
868,0,5,85.5,181.5,12.9,5.7,1955
869,0,6,85.9,121.8,17.2,9.3,1955
870,0,7,30.8,231.4,22.9,12.8,1955
871,0,8,19.3,139.2,22.0,13.5,1955
872,0,9,18.4,150.6,18.4,11.0,1955
873,2,10,60.4,130.3,13.3,6.5,1955
874,0,11,67.2,30.8,9.7,5.2,1955
875,6,12,96.4,32.7,8.1,2.9,1955
876,7,1,154.0,38.8,6.2,1.5,1956
877,21,2,30.5,37.2,3.1,-1.8,1956
878,6,3,26.4,85.2,9.1,2.3,1956
879,1,4,63.5,110.7,10.3,2.7,1956
880,0,5,11.2,231.6,16.8,7.7,1956
881,0,6,82.1,148.1,16.5,9.4,1956
882,0,7,141.7,121.8,18.7,12.4,1956
883,0,8,146.1,112.1,16.6,10.2,1956
884,0,9,83.4,98.4,17.6,10.7,1956
885,0,10,33.1,98.4,12.9,6.9,1956
886,2,11,21.4,34.7,8.8,4.4,1956
887,6,12,107.9,17.9,7.7,3.7,1956
888,5,1,44.8,28.9,8.1,2.9,1957
889,4,2,78.8,75.1,8.0,2.0,1957
890,0,3,58.2,68.8,12.2,5.8,1957
891,0,4,2.2,106.9,12.3,4.8,1957
892,0,5,27.3,160.7,14.6,6.3,1957
893,0,6,31.8,275.7,20.5,10.1,1957
894,0,7,83.2,112.3,19.5,12.9,1957
895,0,8,117.2,106.3,18.2,12.0,1957
896,0,9,98.8,111.4,15.3,9.6,1957
897,0,10,41.6,80.9,14.1,7.7,1957
898,1,11,61.3,41.4,8.7,4.9,1957
899,9,12,88.3,26.0,7.2,2.2,1957
900,13,1,86.4,45.2,6.2,1.1,1958
901,10,2,121.7,62.6,7.2,1.6,1958
902,16,3,49.9,82.9,6.1,0.8,1958
903,2,4,19.7,126.3,11.4,3.8,1958
904,0,5,71.4,151.9,15.5,7.4,1958
905,0,6,126.6,95.0,17.2,9.7,1958
906,0,7,144.6,161.0,19.5,12.2,1958
907,0,8,65.9,119.8,19.6,12.2,1958
908,0,9,85.8,93.1,18.5,11.7,1958
909,0,10,66.8,91.2,13.9,7.7,1958
910,1,11,15.6,44.9,9.2,4.4,1958
911,3,12,110.0,14.3,6.8,2.7,1958
912,18,1,89.7,68.2,4.7,-0.2,1959
913,5,2,2.2,49.7,7.6,2.7,1959
914,0,3,38.4,72.7,10.0,4.3,1959
915,0,4,88.5,139.2,13.2,5.9,1959
916,0,5,26.7,194.6,17.5,8.0,1959
917,0,6,30.7,227.8,20.0,10.9,1959
918,0,7,33.5,215.8,22.2,13.1,1959
919,0,8,18.8,201.4,22.4,13.2,1959
920,0,9,0.6,146.2,20.0,10.6,1959
921,0,10,57.4,108.2,16.4,8.3,1959
922,2,11,106.0,36.6,9.3,4.5,1959
923,0,12,116.8,18.1,8.0,3.4,1959
924,6,1,137.7,23.7,6.2,1.9,1960
925,11,2,77.9,55.4,6.5,1.2,1960
926,1,3,52.1,44.9,8.0,3.1,1960
927,0,4,38.9,147.8,13.4,5.5,1960
928,0,5,46.4,166.2,17.6,8.8,1960
929,0,6,41.4,261.8,21.7,11.5,1960
930,0,7,64.8,131.3,19.1,11.4,1960
931,0,8,80.6,143.2,19.1,11.4,1960
932,0,9,108.7,111.4,16.8,9.9,1960
933,0,10,179.0,48.1,12.4,7.5,1960
934,0,11,116.2,44.3,9.6,4.7,1960
935,4,12,91.5,47.1,6.5,2.3,1960
936,6,1,96.1,27.4,5.4,1.1,1961
937,0,2,63.1,67.9,9.6,4.2,1961
938,0,3,14.3,142.5,13.1,5.4,1961
939,0,4,84.1,85.5,13.0,6.0,1961
940,0,5,42.9,170.1,14.5,6.9,1961
941,0,6,33.9,199.7,19.2,10.4,1961
942,0,7,55.7,161.4,18.8,11.3,1961
943,0,8,62.2,187.2,19.3,11.8,1961
944,0,9,53.0,133.5,19.3,11.3,1961
945,0,10,94.9,118.7,13.9,7.7,1961
946,1,11,42.3,53.5,8.7,4.1,1961
947,15,12,75.5,42.1,5.0,-0.2,1961
948,6,1,91.2,67.1,7.3,2.1,1962
949,6,2,57.8,68.6,7.0,1.9,1962
950,17,3,27.8,116.7,6.0,-0.6,1962
951,0,4,76.3,138.1,11.1,3.9,1962
952,0,5,78.4,149.9,13.6,6.2,1962
953,0,6,13.5,206.6,18.3,9.3,1962
954,0,7,39.7,99.5,17.8,10.8,1962
955,0,8,94.9,145.6,17.8,10.8,1962
956,0,9,84.4,87.4,16.0,9.3,1962
957,1,10,32.0,85.8,13.9,7.4,1962
958,6,11,38.5,31.3,7.8,2.9,1962
959,15,12,54.1,46.5,5.3,-0.6,1962
960,28,1,46.8,39.4,1.3,-2.9,1963
961,28,2,28.3,41.9,1.4,-3.5,1963
962,6,3,72.0,93.8,8.9,1.6,1963
963,0,4,60.3,79.5,11.7,4.4,1963
964,0,5,31.5,155.1,14.6,6.4,1963
965,0,6,99.1,179.9,19.3,10.3,1963
966,0,7,68.6,173.3,19.7,11.0,1963
967,0,8,60.1,88.5,17.6,10.6,1963
968,0,9,79.5,136.6,16.9,9.2,1963
969,0,10,39.4,73.4,13.6,7.4,1963
970,1,11,132.5,33.3,9.7,5.4,1963
971,11,12,18.7,35.1,5.2,1.0,1963
972,8,1,23.1,54.8,5.8,1.0,1964
973,11,2,28.7,50.5,6.6,1.7,1964
974,8,3,122.4,46.6,5.5,1.2,1964
975,0,4,46.1,91.3,12.7,5.4,1964
976,0,5,55.5,203.0,18.2,8.7,1964
977,0,6,70.2,105.8,17.0,10.1,1964
978,0,7,50.8,184.9,19.8,11.9,1964
979,0,8,49.4,179.3,19.5,11.5,1964
980,0,9,20.8,165.1,18.7,9.3,1964
981,0,10,41.8,106.7,12.5,5.7,1964
982,2,11,40.8,40.9,9.8,4.7,1964
983,16,12,93.7,61.3,6.3,0.4,1964
984,12,1,90.1,57.4,5.7,1.4,1965
985,8,2,22.4,21.3,5.5,1.5,1965
986,10,3,74.0,112.0,8.8,1.0,1965
987,0,4,50.0,134.8,12.0,4.3,1965
988,0,5,68.2,137.1,15.5,7.6,1965
989,0,6,91.8,163.7,19.0,10.4,1965
990,0,7,58.9,91.3,17.0,10.5,1965
991,0,8,49.2,133.7,19.0,11.1,1965
992,0,9,167.4,82.8,15.6,9.3,1965
993,0,10,27.5,73.1,14.2,7.6,1965
994,8,11,147.5,63.1,6.5,1.9,1965
995,5,12,191.5,52.1,7.0,2.0,1965
996,14,1,41.5,22.9,4.3,0.6,1966
997,11,2,154.2,25.2,7.2,2.5,1966
998,4,3,46.9,110.3,9.6,3.5,1966
999,6,4,140.6,74.1,8.7,3.5,1966
1000,0,5,58.8,209.2,15.7,7.2,1966
1001,0,6,61.3,142.8,19.4,11.4,1966
1002,0,7,44.5,130.8,18.4,11.5,1966
1003,0,8,92.9,124.6,18.8,10.8,1966
1004,0,9,55.7,107.8,17.6,10.2,1966
1005,0,10,101.4,66.1,12.8,6.7,1966
1006,0,11,93.9,41.1,7.8,3.5,1966
1007,3,12,77.3,36.1,7.5,2.7,1966
1008,11,1,49.7,66.3,6.3,1.8,1967
1009,3,2,70.9,52.2,7.7,3.1,1967
1010,1,3,57.8,165.4,10.2,4.2,1967
1011,1,4,32.7,85.8,11.2,4.5,1967
1012,1,5,172.6,142.1,13.9,6.4,1967
1013,0,6,13.7,212.8,19.5,10.2,1967
1014,0,7,40.9,178.0,21.5,12.8,1967
1015,0,8,70.3,117.8,20.0,12.0,1967
1016,0,9,62.5,88.4,17.0,9.5,1967
1017,0,10,115.5,110.4,13.9,7.7,1967
1018,6,11,71.4,50.4,8.1,2.3,1967
1019,11,12,44.7,52.8,6.7,2.0,1967
1020,11,1,67.4,36.1,6.7,1.9,1968
1021,17,2,42.8,60.5,4.4,-0.4,1968
1022,5,3,61.3,98.2,9.7,3.2,1968
1023,9,4,54.2,152.3,12.9,3.9,1968
1024,0,5,82.8,100.9,13.7,5.9,1968
1025,0,6,54.9,174.1,19.5,10.3,1968
1026,0,7,112.5,69.9,18.2,11.5,1968
1027,0,8,41.8,99.9,19.4,11.8,1968
1028,0,9,155.2,74.1,17.2,10.6,1968
1029,0,10,63.5,63.8,15.0,9.8,1968
1030,1,11,87.3,29.6,8.0,4.2,1968
1031,9,12,52.9,28.3,5.0,1.2,1968
1032,7,1,85.0,28.8,7.8,3.0,1969
1033,20,2,101.0,63.5,2.5,-1.5,1969
1034,19,3,119.9,48.1,4.7,0.0,1969
1035,1,4,76.1,147.5,11.2,3.4,1969
1036,0,5,99.1,99.2,14.6,7.4,1969
1037,0,6,62.5,253.4,18.8,9.3,1969
1038,0,7,52.6,227.3,21.5,12.9,1969
1039,0,8,48.5,129.0,19.9,12.6,1969
1040,0,9,38.9,75.4,17.3,10.5,1969
1041,0,10,24.7,76.9,15.9,9.6,1969
1042,5,11,163.7,61.5,7.5,2.2,1969
1043,13,12,72.7,30.5,5.8,1.6,1969
1044,8,1,94.7,36.8,5.7,1.5,1970
1045,11,2,104.0,88.5,5.5,0.1,1970
1046,13,3,55.4,114.6,6.6,0.8,1970
1047,4,4,106.6,137.2,10.4,3.4,1970
1048,0,5,16.9,160.2,17.4,8.5,1970
1049,0,6,24.2,238.9,21.8,11.2,1970
1050,0,7,39.2,153.3,19.0,11.9,1970
1051,0,8,72.9,137.6,20.4,12.2,1970
1052,0,9,42.8,122.6,18.3,11.2,1970
1053,0,10,47.9,101.0,14.1,7.5,1970
1054,1,11,141.4,48.4,9.6,5.1,1970
1055,6,12,40.6,45.7,6.2,2.6,1970
1056,8,1,69.3,39.9,6.6,2.3,1971
1057,3,2,26.7,63.3,7.6,2.6,1971
1058,5,3,47.2,79.8,8.1,2.8,1971
1059,0,4,84.1,70.0,11.1,4.3,1971
1060,0,5,63.5,207.3,16.4,7.0,1971
1061,0,6,69.4,131.5,15.6,8.8,1971
1062,0,7,86.3,207.2,22.1,12.8,1971
1063,0,8,102.2,121.1,19.4,11.8,1971
1064,0,9,31.2,148.0,18.8,10.1,1971
1065,0,10,92.8,139.3,15.3,8.1,1971
1066,4,11,62.6,78.5,9.1,3.7,1971
1067,0,12,35.1,48.2,8.8,4.8,1971
1068,8,1,92.7,38.7,5.7,1.6,1972
1069,5,2,65.9,28.9,5.8,1.8,1972
1070,4,3,106.2,118.6,9.9,2.5,1972
1071,0,4,56.9,94.6,11.5,5.3,1972
1072,0,5,56.6,135.4,14.4,6.8,1972
1073,0,6,83.1,127.8,15.8,8.7,1972
1074,0,7,55.7,148.4,19.5,11.6,1972
1075,0,8,61.2,180.8,19.3,11.5,1972
1076,0,9,50.6,80.4,15.1,8.5,1972
1077,0,10,14.5,61.7,13.5,7.0,1972
1078,1,11,84.9,68.6,9.2,4.5,1972
1079,0,12,80.3,22.7,7.6,2.9,1972
1080,5,1,39.8,26.7,6.7,2.8,1973
1081,9,2,65.0,91.7,7.4,2.1,1973
1082,0,3,15.1,127.3,10.6,3.6,1973
1083,2,4,77.5,142.1,10.6,3.5,1973
1084,0,5,59.5,150.6,15.5,7.4,1973
1085,0,6,44.0,204.2,20.0,10.8,1973
1086,0,7,200.6,115.6,19.7,12.1,1973
1087,0,8,58.0,161.9,20.7,12.1,1973
1088,0,9,58.1,108.8,18.0,10.5,1973
1089,1,10,63.3,82.2,12.2,6.0,1973
1090,7,11,28.8,89.7,8.6,3.6,1973
1091,7,12,51.6,41.8,7.3,2.4,1973
1092,3,1,79.3,49.4,8.1,2.9,1974
1093,0,2,67.3,55.5,8.0,3.1,1974
1094,1,3,39.8,95.0,8.5,2.2,1974
1095,0,4,12.3,120.5,11.6,3.6,1974
1096,0,5,39.5,195.1,15.7,6.9,1974
1097,0,6,48.5,184.3,17.7,9.8,1974
1098,0,7,67.6,164.0,18.7,11.7,1974
1099,0,8,81.0,180.1,19.5,11.5,1974
1100,0,9,90.8,138.7,15.7,8.8,1974
1101,0,10,55.9,89.6,10.0,5.3,1974
1102,1,11,121.1,47.5,8.7,3.7,1974
1103,2,12,71.1,43.2,9.9,5.1,1974
1104,1,1,73.2,32.2,8.9,3.8,1975
1105,8,2,15.8,25.0,6.5,1.6,1975
1106,7,3,58.8,89.4,7.0,1.7,1975
1107,4,4,46.9,132.8,12.2,5.1,1975
1108,0,5,86.2,187.9,13.8,5.6,1975
1109,0,6,11.9,253.2,20.1,9.7,1975
1110,0,7,81.9,170.9,21.7,13.2,1975
1111,0,8,51.2,236.1,24.6,14.1,1975
1112,0,9,34.6,138.5,17.3,9.5,1975
1113,0,10,27.2,91.2,13.4,6.5,1975
1114,3,11,28.6,70.6,8.8,3.3,1975
1115,4,12,43.0,49.8,8.2,3.4,1975
1116,8,1,93.8,41.4,7.6,3.2,1976
1117,8,2,33.7,45.0,6.7,2.1,1976
1118,8,3,29.5,108.8,7.8,1.4,1976
1119,2,4,16.2,116.1,11.7,4.4,1976
1120,0,5,79.9,148.6,15.8,7.9,1976
1121,0,6,16.6,250.2,22.3,12.0,1976
1122,0,7,16.9,285.2,24.0,13.2,1976
1123,0,8,17.3,215.6,23.0,11.9,1976
1124,0,9,134.9,85.5,16.4,9.6,1976
1125,0,10,127.7,58.7,13.0,7.5,1976
1126,1,11,32.4,58.7,8.6,3.2,1976
1127,10,12,75.3,55.2,3.7,0.3,1976
1128,12,1,113.8,45.9,4.6,0.4,1977
1129,6,2,201.4,53.5,6.3,1.5,1977
1130,3,3,59.7,79.0,9.5,3.4,1977
1131,2,4,45.0,179.3,10.6,3.6,1977
1132,0,5,43.5,207.6,14.6,6.1,1977
1133,0,6,66.4,182.0,16.4,8.3,1977
1134,0,7,9.5,178.3,19.6,11.9,1977
1135,0,8,69.2,137.7,19.4,11.7,1977
1136,0,9,35.2,108.8,16.6,9.7,1977
1137,0,10,45.4,87.4,14.0,8.4,1977
1138,5,11,112.0,80.9,8.4,3.4,1977
1139,1,12,82.5,30.7,7.5,3.6,1977
1140,9,1,99.4,52.4,5.3,0.7,1978
1141,14,2,55.4,33.5,4.4,-0.5,1978
1142,1,3,73.2,142.5,10.1,3.3,1978
1143,6,4,47.3,89.9,9.4,3.0,1978
1144,0,5,34.7,180.7,16.1,7.1,1978
1145,0,6,90.0,174.4,17.4,10.0,1978
1146,0,7,58.8,150.7,18.3,10.9,1978
1147,0,8,48.5,126.9,18.6,11.7,1978
1148,0,9,48.8,126.2,17.2,11.0,1978
1149,0,10,9.9,88.4,15.3,9.2,1978
1150,4,11,50.0,71.4,11.3,6.0,1978
1151,14,12,207.9,24.9,5.0,0.8,1978
1152,24,1,82.3,55.7,2.5,-2.4,1979
1153,22,2,78.6,50.5,2.6,-1.2,1979
1154,6,3,148.0,88.9,6.9,1.7,1979
1155,1,4,83.1,106.0,11.0,4.4,1979
1156,1,5,115.5,158.8,14.4,6.0,1979
1157,0,6,34.9,190.0,19.1,10.4,1979
1158,0,7,13.0,169.8,20.4,12.2,1979
1159,0,8,79.0,171.2,19.1,11.4,1979
1160,0,9,25.0,166.9,17.6,9.6,1979
1161,0,10,66.4,82.5,14.2,7.8,1979
1162,2,11,96.9,54.9,9.6,3.9,1979
1163,4,12,137.7,42.5,7.4,3.6,1979
1164,13,1,70.9,47.4,4.4,0.4,1980
1165,2,2,117.1,28.4,7.8,2.9,1980
1166,6,3,100.1,87.8,7.4,1.9,1980
1167,1,4,10.6,149.3,13.4,5.1,1980
1168,0,5,20.5,214.2,16.0,6.1,1980
1169,0,6,132.8,114.8,17.9,10.3,1980
1170,0,7,66.9,130.0,18.5,11.0,1980
1171,0,8,79.0,155.9,19.8,12.0,1980
1172,0,9,33.2,151.5,18.6,11.4,1980
1173,0,10,113.2,93.7,11.9,5.6,1980
1174,5,11,81.8,41.5,8.7,4.4,1980
1175,4,12,51.7,48.9,8.4,3.2,1980
1176,7,1,56.4,47.8,7.5,2.1,1981
1177,12,2,89.4,55.6,5.3,0.5,1981
1178,0,3,149.9,51.3,10.1,4.8,1981
1179,1,4,110.5,112.6,10.6,4.2,1981
1180,0,5,65.3,149.0,15.6,7.6,1981
1181,0,6,33.4,163.7,17.3,9.9,1981
1182,0,7,18.8,172.6,19.6,12.2,1981
1183,0,8,57.2,174.7,20.5,12.4,1981
1184,0,9,107.8,162.2,19.2,10.7,1981
1185,0,10,87.9,112.0,11.4,5.2,1981
1186,0,11,70.4,41.1,10.4,4.9,1981
1187,21,12,93.6,37.4,2.6,-2.3,1981
1188,14,1,39.9,48.2,5.9,-0.3,1982
1189,7,2,20.4,33.0,7.4,2.1,1982
1190,1,3,100.1,131.7,9.7,2.8,1982
1191,2,4,17.3,167.1,13.5,4.8,1982
1192,0,5,23.6,238.9,17.1,6.7,1982
1193,0,6,225.0,120.7,18.9,11.2,1982
1194,0,7,14.7,173.0,20.9,12.5,1982
1195,0,8,83.5,172.7,19.6,12.0,1982
1196,0,9,56.4,148.5,18.7,10.5,1982
1197,0,10,54.7,55.1,13.1,7.2,1982
1198,1,11,117.5,38.6,10.0,5.4,1982
1199,9,12,78.7,22.6,6.9,1.8,1982
1200,3,1,98.7,42.8,9.0,4.0,1983
1201,17,2,39.9,35.3,3.5,-0.8,1983
1202,0,3,65.7,85.4,9.3,4.0,1983
1203,1,4,121.2,115.3,10.1,3.2,1983
1204,0,5,127.0,101.6,13.6,6.4,1983
1205,0,6,7.6,171.0,18.0,9.9,1983
1206,0,7,44.4,187.1,24.5,14.3,1983
1207,0,8,31.3,207.7,22.1,12.6,1983
1208,0,9,120.1,116.9,16.8,10.2,1983
1209,2,10,66.9,84.1,13.6,7.3,1983
1210,5,11,41.2,29.0,9.9,5.5,1983
1211,4,12,142.2,37.9,8.2,3.4,1983
1212,10,1,160.2,37.6,5.6,0.8,1984
1213,12,2,79.7,42.3,5.8,0.6,1984
1214,3,3,52.3,44.9,7.3,2.2,1984
1215,5,4,10.0,205.7,13.3,3.5,1984
1216,1,5,55.4,158.4,14.9,5.9,1984
1217,0,6,40.9,219.3,19.1,10.5,1984
1218,0,7,13.3,258.2,22.4,12.0,1984
1219,0,8,81.9,183.0,22.5,12.6,1984
1220,0,9,117.6,86.1,16.7,10.4,1984
1221,0,10,82.7,75.6,14.3,7.7,1984
1222,0,11,124.9,33.7,9.8,5.7,1984
1223,8,12,47.6,39.1,7.3,2.4,1984
1224,19,1,73.0,26.3,3.7,-0.8,1985
1225,14,2,4.6,58.2,5.7,-0.3,1985
1226,8,3,48.8,105.1,8.2,1.7,1985
1227,2,4,69.5,111.7,11.6,4.8,1985
1228,0,5,63.4,139.2,14.4,6.8,1985
1229,0,6,76.5,179.8,16.8,8.6,1985
1230,0,7,46.4,182.2,20.4,12.7,1985
1231,0,8,87.9,158.0,18.4,11.3,1985
1232,0,9,14.2,125.5,18.8,11.0,1985
1233,0,10,33.6,64.3,14.4,8.7,1985
1234,10,11,78.2,50.2,6.6,1.4,1985
1235,6,12,78.0,22.9,8.2,4.0,1985
1236,12,1,174.1,39.2,5.4,0.6,1986
1237,25,2,37.2,43.3,1.0,-3.0,1986
1238,5,3,67.4,101.8,8.2,1.8,1986
1239,3,4,111.0,81.7,9.0,2.3,1986
1240,0,5,94.7,184.7,16.0,7.5,1986
1241,0,6,48.0,202.2,19.3,9.8,1986
1242,0,7,25.3,175.2,20.0,11.9,1986
1243,0,8,109.9,132.3,17.1,9.7,1986
1244,0,9,9.5,182.1,16.1,7.6,1986
1245,0,10,85.7,111.2,14.3,7.3,1986
1246,0,11,93.0,57.9,10.6,4.7,1986
1247,1,12,142.3,32.1,8.5,3.2,1986
1248,18,1,52.9,37.6,3.4,-1.1,1987
1249,11,2,35.1,52.3,6.7,1.0,1987
1250,14,3,89.2,110.5,7.3,1.2,1987
1251,0,4,64.6,156.6,14.6,6.1,1987
1252,0,5,32.6,199.2,14.6,5.9,1987
1253,0,6,140.0,123.1,16.5,9.0,1987
1254,0,7,51.4,168.0,19.8,12.2,1987
1255,0,8,45.1,149.3,19.7,12.2,1987
1256,0,9,67.2,152.3,17.4,9.3,1987
1257,0,10,119.5,77.6,12.5,6.0,1987
1258,3,11,53.5,43.4,8.5,4.1,1987
1259,5,12,38.2,15.5,7.9,3.8,1987
1260,3,1,173.9,37.7,7.2,2.5,1988
1261,4,2,81.0,94.7,7.3,2.2,1988
1262,6,3,97.3,104.6,9.3,2.8,1988
1263,1,4,44.1,90.6,11.6,5.0,1988
1264,0,5,50.4,194.0,16.2,7.1,1988
1265,0,6,55.9,146.2,18.9,10.8,1988
1266,0,7,106.7,154.0,18.6,11.6,1988
1267,0,8,78.6,180.9,19.5,11.7,1988
1268,0,9,51.7,163.7,16.5,9.7,1988
1269,2,10,88.9,75.6,13.0,7.1,1988
1270,8,11,50.5,68.6,9.0,2.6,1988
1271,0,12,36.0,35.7,9.8,5.4,1988
1272,2,1,20.6,54.3,9.0,3.9,1989
1273,3,2,75.3,93.1,9.1,2.9,1989
1274,2,3,77.7,126.6,11.0,3.9,1989
1275,3,4,115.5,107.8,9.6,2.7,1989
1276,0,5,26.0,283.8,18.4,8.2,1989
1277,0,6,54.1,255.5,20.2,10.0,1989
1278,0,7,41.4,284.9,22.9,13.1,1989
1279,0,8,36.2,240.5,21.1,12.0,1989
1280,0,9,23.3,135.1,18.5,10.6,1989
1281,0,10,65.3,85.1,14.9,8.5,1989
1282,3,11,42.6,45.3,9.0,4.0,1989
1283,4,12,159.1,12.9,6.7,2.8,1989
1284,0,1,128.7,46.4,8.9,3.9,1990
1285,1,2,115.2,58.5,9.7,4.4,1990
1286,3,3,21.6,137.6,12.4,5.3,1990
1287,3,4,25.9,201.6,13.1,3.9,1990
1288,0,5,18.9,219.2,18.1,7.7,1990
1289,0,6,46.4,112.1,17.6,10.4,1990
1290,0,7,21.5,273.8,22.1,11.9,1990
1291,0,8,40.8,233.4,23.1,13.8,1990
1292,0,9,30.4,127.5,16.7,9.6,1990
1293,0,10,129.7,75.9,14.4,8.6,1990
1294,0,11,47.9,32.3,8.8,4.9,1990
1295,5,12,136.0,24.3,6.7,2.6,1990
1296,14,1,86.8,53.3,5.5,0.1,1991
1297,16,2,68.5,45.1,4.8,-0.3,1991
1298,1,3,58.7,61.0,10.7,5.2,1991
1299,2,4,67.2,129.3,11.4,4.5,1991
1300,0,5,14.4,131.5,14.6,7.7,1991
1301,0,6,68.6,153.8,15.8,8.5,1991
1302,0,7,51.2,221.6,22.2,13.2,1991
1303,0,8,8.5,221.1,21.9,12.8,1991
1304,0,9,37.0,185.9,19.4,9.8,1991
1305,0,10,54.3,68.2,12.9,7.7,1991
1306,2,11,73.1,42.7,9.2,3.8,1991
1307,7,12,78.4,28.5,7.9,2.6,1991
1308,13,1,43.6,37.1,6.5,1.0,1992
1309,5,2,25.9,52.7,8.9,2.9,1992
1310,0,3,73.6,73.9,10.3,4.0,1992
1311,0,4,41.8,125.0,12.3,5.3,1992
1312,0,5,57.6,239.1,18.7,8.6,1992
1313,0,6,52.2,192.7,20.5,11.7,1992
1314,0,7,77.7,183.0,19.8,12.5,1992
1315,0,8,117.7,196.3,19.2,11.3,1992
1316,0,9,71.9,123.4,16.3,9.7,1992
1317,1,10,66.0,60.3,10.2,4.8,1992
1318,3,11,129.1,40.6,10.2,3.8,1992
1319,11,12,67.4,19.7,6.3,1.2,1992
1320,5,1,88.1,24.4,8.4,2.3,1993
1321,2,2,10.7,42.3,7.5,3.0,1993
1322,8,3,16.7,128.5,10.3,2.3,1993
1323,0,4,91.8,116.3,13.0,5.7,1993
1324,0,5,70.7,183.5,15.5,7.1,1993
1325,0,6,108.3,193.6,19.4,10.2,1993
1326,0,7,85.3,197.9,19.0,11.5,1993
1327,0,8,29.7,182.5,18.4,10.3,1993
1328,0,9,121.4,84.3,15.2,9.0,1993
1329,5,10,62.8,75.4,10.7,5.4,1993
1330,10,11,56.9,25.8,6.3,2.2,1993
1331,5,12,171.4,29.4,7.1,2.2,1993
1332,8,1,124.4,44.3,7.2,1.5,1994
1333,17,2,75.7,33.3,4.9,-0.6,1994
1334,0,3,78.1,141.0,10.6,4.2,1994
1335,1,4,55.3,172.9,12.0,4.9,1994
1336,0,5,65.6,141.1,13.9,6.5,1994
1337,0,6,14.6,198.8,19.2,10.6,1994
1338,0,7,33.1,206.4,23.3,12.9,1994
1339,0,8,45.0,182.1,19.7,11.8,1994
1340,0,9,148.2,104.8,15.4,9.1,1994
1341,0,10,57.9,72.9,12.7,6.2,1994
1342,0,11,103.3,35.3,11.7,7.0,1994
1343,6,12,103.9,31.7,9.0,3.6,1994
1344,10,1,157.7,35.8,6.4,1.5,1995
1345,0,2,99.2,63.0,9.0,3.4,1995
1346,7,3,63.9,172.7,8.9,2.0,1995
1347,1,4,24.6,170.7,13.2,5.1,1995
1348,0,5,48.1,203.7,16.7,7.4,1995
1349,0,6,11.3,182.9,18.4,9.6,1995
1350,0,7,22.5,229.1,23.8,14.1,1995
1351,0,8,12.1,256.1,24.4,13.2,1995
1352,0,9,75.6,115.7,17.1,10.3,1995
1353,0,10,21.9,100.1,16.1,9.3,1995
1354,3,11,60.5,36.0,9.9,5.2,1995
1355,15,12,70.4,20.5,3.8,0.1,1995
1356,9,1,57.0,5.8,5.0,2.1,1996
1357,16,2,75.1,54.3,5.0,0.0,1996
1358,5,3,52.9,38.6,5.9,1.7,1996
1359,4,4,37.7,114.3,12.8,4.7,1996
1360,0,5,39.1,169.6,13.0,5.3,1996
1361,0,6,29.8,244.5,19.3,9.6,1996
1362,0,7,24.5,254.6,21.5,11.9,1996
1363,0,8,101.1,199.5,21.5,12.3,1996
1364,0,9,27.1,111.4,16.8,9.9,1996
1365,0,10,70.6,119.7,14.4,7.9,1996
1366,8,11,134.3,89.8,8.2,3.2,1996
1367,11,12,98.2,39.1,5.0,0.6,1996
1368,15,1,8.5,51.4,5.2,0.2,1997
1369,1,2,106.5,81.6,9.5,3.9,1997
1370,1,3,22.0,152.1,12.1,5.0,1997
1371,0,4,28.2,137.0,13.2,5.1,1997
1372,0,5,77.5,252.3,16.3,6.7,1997
1373,0,6,130.9,136.5,17.6,10.2,1997
1374,0,7,56.7,244.4,21.7,12.7,1997
1375,0,8,108.6,201.5,23.3,14.1,1997
1376,0,9,17.5,148.4,17.3,10.2,1997
1377,3,10,55.8,117.4,13.0,6.4,1997
1378,0,11,93.1,24.6,10.4,6.1,1997
1379,3,12,79.4,36.2,8.2,3.9,1997
1380,5,1,88.5,46.3,7.1,2.5,1998
1381,4,2,9.3,102.2,11.2,5.1,1998
1382,2,3,93.5,91.9,11.2,4.8,1998
1383,2,4,117.9,125.7,10.9,4.4,1998
1384,0,5,26.6,199.3,17.0,8.5,1998
1385,0,6,152.4,141.7,17.5,10.5,1998
1386,0,7,36.5,172.0,19.2,12.1,1998
1387,0,8,46.2,210.6,20.1,11.9,1998
1388,0,9,49.2,96.6,17.7,11.1,1998
1389,1,10,197.9,99.1,13.0,7.2,1998
1390,2,11,49.5,68.9,8.4,3.6,1998
1391,6,12,57.9,42.4,8.3,2.4,1998
1392,5,1,90.8,66.9,8.1,2.7,1999
1393,7,2,44.7,92.0,8.0,2.4,1999
1394,1,3,82.8,140.8,10.7,4.2,1999
1395,3,4,91.6,152.9,13.4,5.8,1999
1396,0,5,51.0,181.9,17.5,9.0,1999
1397,0,6,61.0,188.5,18.3,10.2,1999
1398,0,7,30.1,227.9,22.5,13.4,1999
1399,0,8,75.4,129.7,19.9,12.1,1999
1400,0,9,113.7,190.7,20.2,11.5,1999
1401,0,10,55.3,123.1,13.8,7.8,1999
1402,1,11,48.2,70.7,10.1,5.2,1999
1403,8,12,135.6,60.6,7.1,1.9,1999
1404,2,1,49.8,75.9,7.8,2.7,2000
1405,4,2,72.0,93.5,8.9,3.3,2000
1406,3,3,43.3,133.0,10.9,4.2,2000
1407,1,4,153.3,124.6,11.7,4.2,2000
1408,0,5,63.9,189.6,16.4,7.6,2000
1409,0,6,46.6,151.9,19.0,11.2,2000
1410,0,7,68.5,142.5,18.8,11.4,2000
1411,0,8,46.3,195.9,21.2,12.4,2000
1412,0,9,117.8,116.7,18.1,10.8,2000
1413,0,10,139.5,87.6,13.1,7.1,2000
1414,2,11,167.9,51.9,9.1,4.0,2000
1415,9,12,118.0,42.0,7.0,3.3,2000
1416,15,1,42.1,59.1,5.3,0.3,2001
1417,11,2,79.4,96.4,7.7,0.8,2001
1418,8,3,56.2,100.5,8.0,1.6,2001
1419,0,4,80.1,106.2,11.3,4.0,2001
1420,0,5,58.0,208.7,17.8,7.7,2001
1421,0,6,43.9,160.0,18.4,10.1,2001
1422,0,7,57.5,185.1,21.4,13.2,2001
1423,0,8,111.9,181.1,20.9,12.8,2001
1424,0,9,67.3,84.9,15.8,10.1,2001
1425,0,10,113.0,115.0,15.9,10.2,2001
1426,2,11,27.0,54.0,10.5,4.7,2001
1427,14,12,28.0,71.5,6.3,0.9,2001
1428,8,1,55.9,38.2,8.2,2.5,2002
1429,1,2,173.9,95.2,9.8,3.8,2002
1430,1,3,34.7,122.4,11.1,4.1,2002
1431,1,4,40.7,176.2,13.9,5.0,2002
1432,0,5,60.9,183.8,16.3,8.4,2002
1433,0,6,30.9,197.3,19.1,10.9,2002
1434,0,7,133.8,165.3,20.1,12.0,2002
1435,0,8,83.4,141.0,21.2,13.4,2002
1436,0,9,49.7,132.7,17.8,10.6,2002
1437,0,10,145.3,79.7,12.6,6.8,2002
1438,0,11,111.1,36.6,10.0,5.5,2002
1439,5,12,129.8,28.6,6.4,3.2,2002
1440,8,1,60.7,54.3,6.9,2.5,2003
1441,15,2,30.8,87.8,6.6,0.0,2003
1442,3,3,38.4,157.7,12.0,3.1,2003
1443,3,4,44.6,193.9,14.7,5.1,2003
1444,0,5,42.6,203.7,16.8,8.5,2003
1445,0,6,111.1,215.1,21.0,12.1,2003
1446,0,7,44.9,171.0,21.9,13.5,2003
1447,0,8,14.0,187.6,22.4,13.4,2003
1448,0,9,22.7,164.6,19.2,9.6,2003
1449,0,10,48.2,115.0,12.6,6.0,2003
1450,3,11,55.4,57.0,10.7,5.1,2003
1451,9,12,81.8,54.1,7.5,1.9,2003
1452,4,1,106.5,46.2,7.4,3.0,2004
1453,9,2,50.8,92.6,8.1,3.0,2004
1454,2,3,41.3,98.1,9.9,3.6,2004
1455,0,4,107.0,132.5,13.5,6.4,2004
1456,0,5,49.0,210.7,16.9,8.3,2004
1457,0,6,68.5,194.5,20.0,11.8,2004
1458,0,7,45.8,167.9,19.9,12.4,2004
1459,0,8,181.0,179.4,21.3,13.6,2004
1460,0,9,34.6,168.0,18.1,11.3,2004
1461,0,10,88.2,94.3,13.1,7.4,2004
1462,3,11,36.2,52.1,10.2,5.5,2004
1463,6,12,46.3,69.1,8.3,3.2,2004
1464,2,1,48.0,48.1,8.5,3.4,2005
1465,5,2,64.6,77.3,6.7,2.1,2005
1466,3,3,31.7,64.6,9.7,4.6,2005
1467,1,4,82.6,154.4,12.9,4.8,2005
1468,0,5,17.5,243.8,15.8,7.3,2005
1469,0,6,42.2,194.9,20.3,11.4,2005
1470,0,7,84.0,178.0,20.6,13.1,2005
1471,0,8,39.9,206.7,20.7,12.2,2005
1472,0,9,89.2,157.9,18.9,11.3,2005
1473,0,10,113.1,62.6,15.3,10.4,2005
1474,9,11,57.4,98.7,9.5,3.4,2005
1475,9,12,56.7,64.6,7.3,2.2,2005
1476,1,1,18.6,36.4,6.4,2.4,2006
1477,9,2,48.5,68.0,6.3,1.4,2006
1478,13,3,100.2,95.0,7.7,1.5,2006
1479,1,4,49.4,167.3,11.8,4.8,2006
1480,0,5,85.0,188.1,15.8,7.4,2006
1481,0,6,9.8,171.7,21.6,11.8,2006
1482,0,7,40.9,290.8,25.6,14.5,2006
1483,0,8,90.5,157.4,19.6,12.8,2006
1484,0,9,62.4,165.6,20.5,12.6,2006
1485,0,10,99.1,102.3,15.5,9.7,2006
1486,1,11,66.8,107.3,11.2,5.3,2006
1487,2,12,114.0,55.9,8.8,4.2,2006
1488,4,1,146.9,68.4,9.6,4.3,2007
1489,6,2,57.5,84.4,8.6,3.6,2007
1490,1,3,44.5,149.4,10.2,4.1,2007
1491,0,4,5.8,206.1,15.8,7.4,2007
1492,0,5,83.8,142.6,15.6,8.2,2007
1493,0,6,285.6,154.5,18.6,11.2,2007
1494,0,7,113.0,178.5,18.8,12.2,2007
1495,0,8,27.1,221.8,19.7,12.2,2007
1496,0,9,28.1,158.5,17.6,10.5,2007
1497,0,10,23.3,109.4,14.0,8.1,2007
1498,2,11,58.3,75.6,10.3,5.0,2007
1499,8,12,74.9,39.4,7.2,2.4,2007
1500,2,1,154.0,43.6,9.0,3.9,2008
1501,9,2,48.7,121.2,9.1,1.4,2008
1502,3,3,98.8,137.8,9.1,2.7,2008
1503,2,4,79.2,126.8,11.4,4.4,2008
1504,0,5,43.5,186.7,17.5,8.6,2008
1505,0,6,56.7,198.1,18.7,10.7,2008
1506,0,7,108.7,202.6,20.8,13.0,2008
1507,0,8,82.6,141.1,20.1,13.4,2008
1508,0,9,92.4,111.7,17.0,10.8,2008
1509,0,10,93.2,129.5,12.8,7.2,2008
1510,3,11,60.0,53.1,9.0,4.9,2008
1511,4,12,52.8,60.3,6.1,2.2,2008
1512,8,1,47.0,59.8,5.7,1.3,2009
1513,11,2,39.6,60.5,6.7,2.3,2009
1514,2,3,44.2,161.7,10.9,4.0,2009
1515,0,4,51.0,142.3,14.6,6.0,2009
1516,0,5,81.7,216.0,16.4,8.0,2009
1517,0,6,168.2,183.4,19.2,10.9,2009
1518,0,7,113.4,199.7,20.4,12.6,2009
1519,0,8,46.4,194.5,21.0,13.3,2009
1520,0,9,26.8,151.1,18.0,10.9,2009
1521,0,10,50.0,99.9,14.4,8.5,2009
1522,0,11,161.6,73.8,10.4,5.8,2009
1523,13,12,66.1,53.1,5.2,1.3,2009
1524,14,1,48.6,59.7,3.4,0.1,2010
1525,11,2,53.6,42.4,4.4,0.2,2010
1526,8,3,56.4,130.6,9.9,3.0,2010
1527,0,4,24.8,171.8,13.8,5.1,2010
1528,0,5,21.2,187.9,15.2,7.1,2010
1529,0,6,41.2,214.2,20.4,11.0,2010
1530,0,7,68.3,142.1,21.0,13.5,2010
1531,0,8,39.6,172.9,19.5,11.7,2010
1532,0,9,67.8,131.5,17.8,10.8,2010
1533,0,10,65.4,116.8,13.3,7.3,2010
1534,6,11,112.7,70.2,7.4,3.0,2010
1535,20,12,18.8,51.4,2.7,-1.9,2010
1536,11,1,49.6,56.6,6.4,1.9,2011
1537,1,2,104.2,49.4,8.8,4.2,2011
1538,2,3,12.4,135.7,10.9,3.4,2011
1539,0,4,11.2,188.1,17.1,7.5,2011
1540,0,5,40.2,210.2,16.7,8.4,2011
1541,0,6,47.8,222.9,19.4,10.0,2011
1542,0,7,18.0,178.9,20.3,11.5,2011
1543,0,8,42.0,171.4,20.1,12.2,2011
1544,0,9,27.8,163.4,19.5,11.6,2011
1545,0,10,57.2,115.3,15.9,9.2,2011
1546,0,11,37.4,62.4,11.7,7.1,2011
1547,0,12,124.6,44.6,8.1,3.6,2011
1548,6,1,87.6,58.4,7.9,2.9,2012
1549,11,2,26.2,73.3,7.6,2.3,2012
1550,0,3,32.6,179.5,13.6,4.7,2012
1551,1,4,180.6,102.6,10.7,3.9,2012
1552,1,5,48.0,203.0,16.4,7.6,2012
1553,0,6,166.6,107.3,17.3,10.3,2012
1554,0,7,107.2,151.5,19.5,12.3,2012
1555,0,8,99.2,141.3,20.9,12.5,2012
1556,0,9,90.6,149.4,17.1,9.7,2012
1557,0,10,61.2,111.4,12.2,6.1,2012
1558,1,11,110.6,68.7,9.2,3.8,2012
1559,5,12,136.0,57.7,7.0,2.3,2012
1560,14,1,70.4,41.4,5.7,1.7,2013
1561,10,2,63.4,77.6,5.2,0.6,2013
1562,18,3,63.4,73.0,4.5,-0.2,2013
1563,4,4,9.2,152.6,11.9,4.0,2013
1564,0,5,84.2,176.9,15.5,6.9,2013
1565,0,6,37.8,177.6,18.8,10.1,2013
1566,0,7,56.6,243.5,24.0,13.7,2013
1567,0,8,33.4,144.4,21.6,13.1,2013
1568,0,9,47.2,119.8,17.5,10.2,2013
1569,0,10,136.2,73.5,14.9,9.6,2013
1570,1,11,56.6,82.3,9.1,3.9,2013
1571,0,12,69.8,58.2,9.1,3.9,2013
1572,4,1,124.2,48.9,7.8,3.0,2014
1573,1,2,106.2,82.4,8.5,3.5,2014
1574,2,3,48.6,137.2,11.6,4.2,2014
1575,0,4,60.4,119.3,14.2,6.7,2014
1576,0,5,123.8,143.9,16.6,8.5,2014
1577,0,6,45.4,142.0,19.4,11.4,2014
1578,0,7,20.0,236.6,23.2,13.3,2014
1579,0,8,67.4,177.3,19.3,11.5,2014
1580,0,9,9.6,107.4,18.4,10.9,2014
1581,0,10,60.8,83.6,14.9,9.0,2014
1582,0,11,95.8,48.0,10.5,6.0,2014
1583,3,12,102.0,75.8,7.7,3.3,2014
1584,8,1,84.2,68.1,6.9,2.2,2015
1585,5,2,35.4,80.8,6.9,2.0,2015
1586,1,3,71.4,114.8,9.8,3.2,2015
1587,0,4,21.4,223.5,14.3,5.0,2015
1588,0,5,83.6,164.4,14.8,7.7,2015
1589,0,6,43.2,195.9,19.1,10.0,2015
1590,0,7,30.0,187.8,20.8,12.0,2015
1591,0,8,66.2,146.3,20.6,12.5,2015
1592,0,9,29.2,141.1,16.9,8.7,2015
1593,0,10,80.4,81.3,13.9,7.7,2015
1594,1,11,126.8,51.7,12.2,6.5,2015
1595,0,12,121.2,33.1,12.0,6.2,2015
1596,3,1,111.5,40.3,7.7,3.0,2016
1597,5,2,68.6,96.1,7.8,2.0,2016
1598,2,3,87.2,98.6,9.1,2.9,2016
1599,1,4,65.8,154.9,11.6,3.8,2016
1600,0,5,58.2,164.5,16.9,7.9,2016
1601,0,6,130.4,106.5,18.8,11.1,2016
